{
  "Изоплит": {
    "distance": 66.456,
    "exit_point": [
      36.055364,
      56.795587
    ]
  },
  "посёлок Заволжский": {
    "distance": 5.93,
    "exit_point": [
      35.797443,
      56.882207
    ]
  },
  "Радченко": {
    "distance": 47.366,
    "exit_point": [
      36.055364,
      56.795587
    ]
  },
  "Бурашево": {
    "distance": 24.328,
    "exit_point": [
      35.871802,
      56.808677
    ]
  },
  "Мермерины": {
    "distance": 24.406,
    "exit_point": [
      35.797443,
      56.882207
    ]
  },
  "Завидово": {
    "distance": 99.622,
    "exit_point": [
      36.055364,
      56.795587
    ]
  },
  "Калашниково": {
    "distance": 151.274,
    "exit_point": [
      35.797443,
      56.882207
    ]
  },
  "Медное": {
    "distance": 49.166,
    "exit_point": [
      35.797443,
      56.882207
    ]
  },
  "Вараксино": {
    "distance": 95.84,
    "exit_point": [
      36.055364,
      56.795587
    ]
  },
  "Колталово": {
    "distance": 51.296,
    "exit_point": [
      35.804913,
      56.831684
    ]
  },
  "Рябеево": {
    "distance": 9.156,
    "exit_point": [
      35.783293,
      56.844247
    ]
  },
  "Мотавино": {
    "distance": 17.18,
    "exit_point": [
      35.783293,
      56.844247
    ]
  }
}