{
  "Изоплит": {
    "distance": 66.456,
    "exit_point": [
      36.055364,
      56.795587
    ]
  },
  "посёлок Заволжский": {
    "distance": 5.93,
    "exit_point": [
      35.797443,
      56.882207
    ]
  }
}