{
  "Изоплит": {
    "distance": 66.456,
    "exit_point": [
      36.055364,
      56.795587
    ]
  },
  "посёлок Заволжский": {
    "distance": 5.93,
    "exit_point": [
      35.797443,
      56.882207
    ]
  },
  "Радченко": {
    "distance": 47.366,
    "exit_point": [
      36.055364,
      56.795587
    ]
  },
  "Бурашево": {
    "distance": 24.328,
    "exit_point": [
      35.871802,
      56.808677
    ]
  }
}