{
  "Изоплит": {
    "distance": 66.456,
    "exit_point": [
      36.055364,
      56.795587
    ]
  }
}